id,OR_589nm
0,0.0016357823333333326
1,0.8468266666666663
2,1.3069000000000035
3,-1.3405500000000004
4,1.6299480000000035
5,-1.3031666666666648
6,0.8039333333333332
7,-4.240583333333329
8,0.26216666666666316
9,-2.026033333333332
10,3.2472699999999954
11,1.204666666666668
12,-0.3133999999999979
13,-2.3664333333333425
14,-1.2012666666666643
15,-1.5997899999999987
16,-0.580545
17,-4.807226666666668
18,-4.031549999999999
19,-1.6706666666666667
20,1.4675733333333338
21,-1.3343999999999998
22,-1.5999933333333336
23,1.5487266666666664
24,-1.4957833333333337
25,5.105833333333332
26,0.24312199999999962
27,1.6513889999999947
28,-2.884943333333325
29,3.016299999999994
30,-3.752200000000002
31,-4.713900000000002
32,-0.14026666666667134
33,7.493533333333336
34,-0.28443333333333004
35,0.5085333333333324
36,-7.730433333333347
37,1.0529966666666652
38,1.9190133333333392
39,-1.9194556666666667
40,1.3036666666666623
42,2.2318633333333318
43,0.21835666666666498
44,2.3618666666666663
45,-1.8195800000000009
46,-2.1097999999999977
47,-1.8943299999999965
48,2.2107466666666653
49,1.9400000000000002
50,1.7544533333333352
51,1.8838333333333341
52,2.3600366666666637
53,0.46700000000000347
54,-2.8008999999999937
55,-5.48371666666668
56,-6.266399999999995
57,-3.439333333333328
58,-1.7893333333333317
59,-0.09966666666667834
60,-7.760733333333339
61,0.7683333333333356
62,-3.583566666666684
63,-4.746466666666663
64,2.0939099999999997
65,-11.351799999999999
66,1.8063333333333276
67,-3.628633333333331
68,-8.330273333333338
69,-0.7664999999999935
70,0.8521433333333354
71,0.3904666666666685
72,5.862266666666666
73,-2.8216999999999977
74,7.20377666666667
75,6.312133333333331
76,-4.281033333333331
77,-0.6855800000000016
78,0.686920000000003
79,-3.9468899999999985
80,-5.139666666666666
81,-3.0313666666666665
82,4.948300000000001
83,0.22951333333333915
84,-9.881899999999993
85,5.3784333333333265
86,1.8127200000000034
87,3.917999999999997
88,-7.195933333333339
89,5.5341999999999985
90,-4.923833333333334
91,0.8943929999999986
92,2.6262966666666707
93,-0.5089333333333267
94,0.43786666666666935
95,4.39679
96,16.114133333333342
97,1.9525666666666741
98,3.0264666666666735
99,0.7864666666666645
101,0.657099999999995
102,0.3463306666666881
103,-3.452299999999989
104,2.886033333333321
105,2.9023666666666657
106,-0.9437566666666678
107,-8.594733333333338
108,3.473000000000013
109,-2.881219999999985
110,2.842666666666664
111,-1.6893666666666671
112,2.6488000000000036
113,2.8743333333333325
114,-6.028073333333332
115,-3.4740000000000086
116,-0.6836666666666625
117,-1.2871906666666746
118,2.5660000000000025
119,8.43803333333335
120,0.117999999999995
121,0.7868666666666684
122,-3.3876000000000013
123,-4.227766666666658
126,-2.7439333333333358
127,-0.08726666666666934
128,-0.8386999999999981
130,-3.814263333333336
131,1.7437333333333338
132,-14.534033333333332
133,1.1321333333333332
134,2.8833933333333306
135,-1.8498300000000019
136,-9.749
137,0.4955566666666667
138,-0.0018333333333326134
139,-0.23464666666666703
140,0.21763600000000002
141,17.604866666666663
142,10.271566666666663
143,-0.4139000000000003
144,-1.4555466666666668
145,1.4455366666666667
146,0.05288833333333302
147,0.48334333333333274
148,0.22114000000000011
150,0.6850599999999982
151,0.07106666666666683
152,-1.2925000000000182
153,3.226666666666669
154,0.915333333333327
155,-2.7532666666666614
156,3.700800000000001
157,-8.211333333333338
158,2.740966666666665
159,-5.132499999999998
160,-3.5913333333333433
161,3.287299999999997
162,-2.558033333333327
163,13.713000000000003
164,-1.1109333333333329
165,0.6079333333333329
166,-18.18073333333334
167,0.15106666666666987
168,7.102300000000004
169,-6.0197333333333445
170,-6.757000000000005
171,5.631699999999985
172,-7.385766666666673
173,6.580499999999991
174,6.957033333333338
175,-1.4540973333333322
176,9.970000000000008
177,-1.5888733333333327
178,3.604300000000002
179,1.0095000000000027
180,-5.552066666666671
181,8.454066666666657
182,8.151766666666674
183,-4.774666666666671
184,-8.230833333333331
186,-6.992999999999995
187,0.7395199999999953
188,9.352666666666664
189,-3.711433333333332
190,3.1810900000000024
191,3.821266666666664
192,-2.8525000000000014
193,-1.3935999999999922
195,-8.347566666666665
196,4.301333333333332
197,-0.21588000000000088
198,6.7193333333333385
199,5.955166666666666
200,1.5357666666666674
201,5.014199999999998
202,8.104263333333332
203,12.886666666666665
204,-1.5240666666666698
205,-4.84826666666667
206,0.9657333333333332
207,-13.670966666666667
208,-16.597633333333345
209,6.77570000000001
210,9.458133333333317
211,6.004133333333338
212,10.246333333333325
213,10.302666666666662
214,-13.903666666666672
215,-14.479000000000005
216,-16.43300000000001
217,10.116333333333339
218,14.27673333333333
219,14.744100000000003
220,15.806666666666672
221,13.454799999999997
222,14.280999999999986
223,17.000333333333362
224,-23.374000000000006
225,-5.788666666666657
226,5.460333333333334
227,-2.906813333333332
228,-7.908000000000006
229,-14.075666666666658
230,-21.657333333333355
231,-3.922300000000002
232,-6.569000000000007
233,1.0516666666666765
234,10.880366666666667
235,4.303666666666667
236,17.617333333333324
237,-6.917733333333331
238,-3.533699999999996
239,7.2575999999999965
240,-9.35730000000001
241,-6.91943333333333
242,10.532999999999996
243,-9.6484
244,-4.160666666666671
245,-9.605999999999995
246,10.575500000000005
247,-11.630666666666675
248,4.887500000000003
249,13.522333333333355
250,-12.804333333333327
251,3.597366666666668
252,13.369666666666669
253,6.427999999999997
255,-0.15016333333333284
256,-5.260666666666661
257,11.13233333333333
258,2.4865666666666755
259,-0.6641666666666689
260,-5.7541999999999875
261,-2.936333333333323
262,-0.5401666666666832
263,8.031293333333332
264,11.92506666666666
265,-8.629200000000006
266,11.51533333333333
267,-7.985666666666664
268,11.827666666666667
269,-8.323266666666674
270,6.602333333333334
271,-11.967333333333329
272,15.604800000000006
273,-10.604666666666665
274,-4.878566666666662
275,20.938000000000006
276,13.897833333333324
277,12.288000000000002
278,-12.534900000000013
279,-7.168533333333339
280,-9.377040000000003
281,8.470099999999993
282,-12.669999999999996
283,-11.617699999999994
284,-10.019133333333336
285,-11.017800000000003
286,-7.72366333333333
287,-2.07886666666667
288,5.8709999999999996
289,2.1984666666666612
290,4.230433333333335
291,0.8949666666666568
292,-29.49066666666666
293,2.727733333333333
294,-2.186366666666667
295,1.9478699999999993
296,2.946956666666684
297,1.7746666666666517
298,-1.314900000000004
299,-0.48564000000000834
300,1.3959333333333366
301,-0.14569299999999905
302,2.3650999999999933
303,-0.33533333333334286
304,-5.242666666666669
305,-0.31183333333333013
306,1.329666666666668
307,-7.139999999999986
308,-0.22176666666666733
309,-8.543466666666651
310,0.266333333333345
311,1.3366666666666827
312,2.3509999999999898
313,2.2670333333333303
314,1.5024666666666728
315,-0.8473333333333338
316,15.168533333333338
317,3.1156666666666575
318,7.855333333333363
319,-7.659333333333336
320,-0.47760000000000485
321,-2.6128333333333367
322,2.0068999999999924
323,1.827999999999984
324,0.2845666666666631
325,-0.10499999999999925
326,-4.170333333333342
327,-4.930833333333339
329,0.41500000000000153
330,-0.6475200000000049
331,-0.1553000000000111
332,2.4376333333333307
333,-0.5765666666666694
334,-1.980733333333338
335,3.908133333333334
336,-0.6696999999999965
338,3.555999999999983
339,-1.8153333333333326
340,-3.437000000000012
341,14.692336666666657
342,-2.280000000000001
343,1.992833333333337
344,2.806333333333337
345,-2.652333333333331
348,-0.6692600000000001
349,-0.4518366666666651
350,-0.5277799999999999
351,0.08920666666666695
352,-1.008159999999999
353,-1.0800766666666666
354,0.1022500000000015
355,-3.237973333333331
356,1.7499666666666656
357,1.8785666666666667
358,2.186766666666666
359,-1.0646533333333332
360,0.9889499999999997
361,1.5055333333333323
362,-3.469066666666663
363,3.26467
364,9.858099999999999
365,3.982300000000002
366,2.913099999999995
367,-2.7068333333333405
368,-2.6612999999999922
369,3.4449333333333336
370,-2.8850633333333335
371,4.385133333333331
372,-3.6422000000000025
373,-3.226226666666662
374,-0.7338999999999984
375,-5.3456333333333275
376,3.9404566666666674
377,1.5365333333333335
378,5.1748
379,-5.263499999999998
380,-8.072466666666664
381,6.483666666666655
382,-1.523666666666666
383,8.004
384,-3.3026333333333326
385,2.5321566666666704
386,5.681103333333333
387,8.974566666666666
388,3.41743333333334
389,6.472366666666669
390,1.5411933333333334
399,-6.244866666666667
408,6.524233333333332
409,-3.4973333333333394
410,7.394800000000001
411,-3.8744666666666703
412,2.592100000000002
413,-3.8535766666666595
414,0.25176666666666847
415,0.6220999999999984
416,1.9690333333333285
417,4.599890000000005
418,6.565533333333335
419,-2.458800000000006
420,3.778400000000005
421,-1.8332000000000004
422,-0.3572999999999998
423,-0.9292666666666586
424,-6.538833333333339
425,-0.17539666666667042
426,0.27799999999999986
427,-0.3952333333333324
428,0.03633333333332681
429,3.642066666666665
430,-5.741466666666668
431,1.6360666666666646
432,-2.112099999999998
434,-0.47986666666667094
435,4.421946666666668
436,3.9359666666666633
437,-3.584633333333329
438,-2.8196333333333286
439,1.4341000000000024
440,-1.8863999999999947
441,-8.324666666666653
442,-5.706800000000015
443,-1.918866666666671
444,2.4107000000000007
445,-6.472433333333332
446,4.553899999999994
447,1.0256666666666707
448,5.996000000000019
449,5.989999999999999
450,2.4174133333333336
451,2.658066666666668
452,2.4590999999999994
453,3.6034666666666646
454,2.2903500000000014
455,-2.1413200000000003
456,5.006666666666661
457,-3.1646333333333323
458,-4.91573333333334
459,-4.9844000000000035
460,-2.346833333333334
461,2.979533333333336
462,-2.3113333333333324
463,5.976933333333335
464,4.794833333333344
465,-5.481099999999998
466,3.4297333333333406
467,1.731713333333327
468,-6.017899999999979
469,5.356066666666663
470,-2.3296333333333314
472,-0.06159000000000011
473,-1.3489700000000002
474,0.7666333333333313
475,-2.2225666666666704
476,0.6984666666666683
477,1.6908999999999945
478,-0.4376000000000033
479,1.115999999999995
480,-4.935333333333335
481,-6.2234333333333325
482,-7.205333333333336
483,0.21113333333333392
484,-4.6879666666666635
485,-6.39373333333333
486,-5.599133333333337
487,2.330728999999996
488,-1.913433333333339
489,4.738166666666665
492,-1.4955666666666645
493,4.385433333333329
494,-1.324463333333334
496,3.477366666666665
497,-0.0021451333333333267
498,-1.9925533333333334
499,3.908523333333335
500,-1.9182999999999997
501,-1.5693666666666672
503,2.147726666666666
504,-1.845666666666667
505,-1.0220333333333353
506,-7.363233333333331
507,-4.386343333333338
508,4.240466666666673
509,-4.532066666666668
513,-0.4584000000000004
515,-4.5541666666666645
516,-0.6703866666666727
517,-1.6712666666666678
518,2.829953333333332
519,-0.9519999999999982
520,2.006466666666673
521,0.6315433333333337
522,1.6080999999999979
523,-2.5695666666666646
524,599.841
525,-0.7306666666666644
526,-0.3213533333333333
528,-9.797966666666666
529,10.123066666666668
530,1.4315666666666782
531,2.2846666666666615
532,-2.36493333333334
533,-4.956133333333341
534,1.3877333333333393
535,-3.763800000000001
536,0.1827333333333172
537,5.222476666666665
538,3.5469666666666626
539,0.4782333333333308
540,2.7496999999999994
541,1.1352333333333224
542,4.056166666666684
543,2.299133333333335
544,-1.9856000000000005
545,-1.7717666666666787
546,-0.8149999999999977
547,-2.4707333333333352
548,2.9338333333333346
549,-4.270900000000002
550,1.2516666666666652
551,-5.367856666666664
552,1.5456333333333323
553,-1.91179999999999
554,-1.8505033333333358
555,-5.674233333333329
556,4.045766666666665
557,-3.51336666666667
558,1.0813333333333237
559,-0.17100000000001123
560,5.578333333333338
561,2.0759999999999983
562,-3.494010000000003
563,1.4223000000000023
564,2.337433333333332
565,2.9541000000000017
566,-2.2951666666666646
567,4.281833333333334
568,2.601066666666668
569,2.87866666666667
570,0.6693966666666681
571,-2.9248999999999996
572,-4.0984333333333325
573,-4.6434666666666615
574,3.2718333333333383
575,5.168786666666668
576,3.819233333333333
577,2.374200000000002
578,-1.3064999999999998
579,1.3154066666666668
580,1.719630000000001
581,0.9653999999999977
582,0.6214133333333317
583,-2.960666666666668
584,-2.3121566666666666
585,-3.0876333333333386
586,-1.2979333333333376
587,-3.235833333333337
588,-0.9984333333333334
589,1.053733333333336
590,-0.9202666666666725
591,-0.9255599999999996
592,3.249166666666658
593,-3.2963333333333367
594,-1.024533333333333
595,-1.6076666666666644
596,-4.374433333333329
597,1.3711333333333282
598,0.5661333333333308
599,-1.5063666666666649
600,1.8531000000000024
601,-0.9045666666666534
602,-1.1904000000000015
603,-3.366233333333336
604,2.8881333333333337
605,1.4261666666666646
606,-3.833433333333337
608,-1.5559000000000012
609,4.621566666666671
610,3.7165333333333357
611,-1.3810333333333336
612,-0.3079666666666678
613,-0.7087999999999871
614,-2.121533333333332
615,0.21389999999999829
616,6.199566666666658
617,-0.9976666666666839
618,-0.7785200000000003
619,8.149633333333336
620,-4.922833333333339
621,-1.6672333333333345
622,10.154056666666667
623,0.7912333333333285
624,2.309833333333335
625,-7.390999999999996
626,8.044900000000004
627,1.2498399999999872
628,-1.2022666666666926
629,-3.173333333333346
630,-0.5824333333333319
631,3.9210000000000114
632,9.155499999999998
634,2.1139466666666658
635,-2.6311999999999975
636,-4.673733333333331
637,5.740366666666669
638,1.6232333333333315
639,3.3718333333333277
640,-0.3336533333333331
641,0.10323333333333314
642,0.9051133333333338
643,0.12292186666666775
644,-1.0661033333333332
645,-0.07550276666666633
646,0.5312700000000063
647,-1.078613333333332
648,1.6294333333333337
649,-0.7924366666666668
